<?xml version="1.0" encoding="UTF-8"?>
<!--
Copyright @2016 by Isak Rabin
-->
<mapping>
    <class name="sg.com.agoda.downloader.config.DownloadSetting">
        <map-to xml="download-setting" />
        <field name="downloadJob" type="integer" required="true">
            <bind-xml name="download-job" node="element" />
        </field>
        <field name="downloadList" collection="arraylist" type="sg.com.agoda.downloader.model.DownloadSite" required="true" >
            <bind-xml name="download-list" node="element" />
        </field>
    </class>
    <class name="sg.com.agoda.downloader.model.DownloadSite">
        <map-to xml="download-site"/>
        <field name="protocol" type="string" required="true">
            <bind-xml name="protocol" node="element"/>
        </field>
        <field name="hostname" type="string" required="true">
            <bind-xml name="hostname" node="element"/>
        </field>
        <field name="port" type="integer" required="true">
            <bind-xml name="port" node="element"/>
        </field>
        <field name="targetFile" type="string" required="true">
            <bind-xml name="targetFile" node="element"/>
        </field>
        <field name="outputFile" type="string" required="true">
            <bind-xml name="outputFile" node="element"/>
        </field>
        <field name="needAuthentication" type="boolean">
            <bind-xml name="needAuthentication" node="element"/>
        </field>
        <field name="username" type="string">
            <bind-xml name="username" node="element"/>
        </field>
        <field name="password" type="string">
            <bind-xml name="password" node="element"/>
        </field>
    </class>
</mapping>
